Matrice,Dimensione,Tempo,Memoria,ErroreRelativo
cfd1.mtx,70656,15.572608200000104,1498.062848,4.842810521823822e-14
cfd2.mtx,123440,53.30894559999797,3006.562304,5.721624217713897e-13
ex15.mtx,6867,0.04000559999985853,3006.562304,1.2618047170966134e-06
shallow_water1.mtx,81920,0.8357448000024306,3006.562304,2.789174265584427e-16
