Matrice,Dimensione,Tempo,Memoria,ErroreRelativo
cfd1.mtx,70656,19.05521900000167,1497.411584,4.842810521823822e-14
cfd2.mtx,123440,61.217459899999085,3006.205952,5.721624217713897e-13
ex15.mtx,6867,0.046978899990790524,3006.205952,1.2618047170966134e-06
parabolic_fem.mtx,525825,16.404501199998776,3006.205952,1.0375330045795177e-12
shallow_water1.mtx,81920,0.9240644999954384,3006.205952,2.789174265584427e-16
